Tytuł kanału,Kraj,Liczba subskrybentów,Channel_id
Foil Arms and Hog,IE,923000,UCzb-6smlTg5UPirLdsdQ_cQ
Economics Explained,US,2390000,UCZ4AMrDcNrfy3X6nsU8-rPg
The Infographics Show,US,13600000,UCfdNM3NAhaBOXCafH7krzrA
The Military Show,US,664000,UCKfak8fBm_Lhy4eX9UKxEpA
Econ,IN,91600,UCyHJ94JzwY92NsBVzJ2aE3Q
The Military Show,US,664000,UCKfak8fBm_Lhy4eX9UKxEpA
PLANET KRAKOW,PL,5800,UCL9QCO5vimeOw2VLh3xdWQw
Sammy and Tommy,US,84400,UCd1DAfDaPdUbQQhqcQKfQJw
UBA,IL,5730,UCVuGm5jBEnfmytM5zT8jGBg
Joyous Travel,SE,148000,UCy_b-3y4ua9H5GPwIosu0OA
Sammy and Tommy,US,84400,UCd1DAfDaPdUbQQhqcQKfQJw
Lonely Planet,US,246000,UCPsil91i8gN0XLIbwl3vqsw
Binkov's Battlegrounds,HR,832000,UCPdk3JuQGxOCMlZLLt4drhw
Netflix Polska,Brak danych o kraju,644000,UCwAiG5lj7w24SbgPy6eiYvg
touropia,Brak danych o kraju,1300000,UCh3Rpsdv1fxefE0ZcKBaNcQ
Sammy and Tommy,US,84400,UCd1DAfDaPdUbQQhqcQKfQJw
The Infographics Show,US,13600000,UCfdNM3NAhaBOXCafH7krzrA
Microsoft,US,1280000,UCFtEEv80fQVKkD4h1PF-Xqw
MSNBC,Brak danych o kraju,6230000,UCaXkIU1QidjPwiAYu6GcHjg
MSNBC,Brak danych o kraju,6230000,UCaXkIU1QidjPwiAYu6GcHjg
Bloomberg Television,Brak danych o kraju,1700000,UCIALMKvObZNtJ6AmdCLP7Lg
Habitual Linecrosser,US,406000,UC6ysC3YUZbjScBKZlNLrmtQ
Scenic Hunter,US,35400,UCDQ0pYBbR3rGWnn-BZJ9lXA
EU Made SIMPLE,DE,62200,UC8KFs307LrTkQCu-P1Fl6dw
Tomasz Slowinski,PL,58700,UCM54Wqxm2eppWP6VOHmyG6A
The Infographics Show,US,13600000,UCfdNM3NAhaBOXCafH7krzrA
Junior Eurovision Song Contest,CH,814000,UC-lkYjunAyfultKGuRJz6HQ
CNN,Brak danych o kraju,15800000,UCupvZG-5ko_eiXAupbDfxWw
Wolters World,US,1010000,UCFr3sz2t3bDp6Cux08B93KQ
Rick Steves' Europe,US,1740000,UCchgIh8Tc4sTmBfnMQ5pDdg
CNN,Brak danych o kraju,15800000,UCupvZG-5ko_eiXAupbDfxWw
Anders Puck Nielsen,DK,128000,UCPPfK7Nq_yQR84rn1wcTXBg
Get.factual,DE,368000,UCvD34fvRZ3QHWSkU1aUM99w
PLANET KRAKOW,PL,5800,UCL9QCO5vimeOw2VLh3xdWQw
Good Times Bad Times,PL,279000,UCXW9oUSOwt7mcTT5d_5hQcA
POLAND ON AIR ,PL,23500,UCeHvFc-vcuWf69VXizY2Cvg
Polish Eagle,PL,69600,UCMDgEbDorYbcouC0xog_wjw
Overly Sarcastic Productions,US,2200000,UCodbH5mUeF-m_BsNueRDjcw
The Great War,US,1680000,UCUcyEsEjhPEDf69RRVhRh4A
CBS News,US,5440000,UC8p1vwvWtl6T73JiExfWs1g
Vogule Poland,PL,258000,UClCufEJK0FvBiMzOyZWV1ng
MSNBC,Brak danych o kraju,6230000,UCaXkIU1QidjPwiAYu6GcHjg
IPNtvPL,PL,175000,UC5G4MtGuS9o88U9DjOan3yA
Half as Interesting,Brak danych o kraju,2520000,UCuCkxoKLYO_EQ2GeFtbM_bw
Poland Travel,PL,4770,UCUOztJ_mMWLAU30kuK5UVZA
THMTS,PL,19400,UCXgDn_UYyj1k3y5h03Q3gig
ENHYPEN,KR,8800000,UCArLZtok93cO5R9RI4_Y5Jw
KD CENTER,PL,14200,UC7VkcDZLLVr2h05JtuMclUg
Vogule Poland,PL,258000,UClCufEJK0FvBiMzOyZWV1ng
Ryan Shirley,US,677000,UCpbClyFMuJQJJH7skfiVeQg
KLT,US,1900000,UC7EFWpvc1wYuUwrtZ_BLi9A
Arlena Witt,PL,530000,UCIj6yjWVKPKO5zNLBjQ8Beg
André Traveler,GB,178000,UCcKGEp__dU1XvwwuV7PrmoA
The Punjabi Wanderer,IN,202000,UCCZrWLq1BlpxvIF9wwhv5Lg
MSNBC,Brak danych o kraju,6230000,UCaXkIU1QidjPwiAYu6GcHjg
Bloomberg Television,Brak danych o kraju,1700000,UCIALMKvObZNtJ6AmdCLP7Lg
Best Documentary,US,3540000,UCmOCpBKeoBPp-HwarhIBA2g
Vogule Poland,PL,258000,UClCufEJK0FvBiMzOyZWV1ng
Birdwatchers Poland,Brak danych o kraju,754,UC6uUPvtZaY1euIE4MZSkg8A
Suibhne,AU,620000,UCQD-0MjUbDBwm2UTVYr0Dag
GMHikaru,US,2180000,UCweCc7bSMX5J4jEH7HFImng
Vogule Poland,PL,258000,UClCufEJK0FvBiMzOyZWV1ng
YOUNG MULTI & YFL,PL,2110000,UCiP6-9NHJ36BCxUWL-gNKYg
Simple History,US,4610000,UC510QYlOlKNyhy_zdQxnGYw
Blokhin Films,US,2370,UCc3jyJwINpFpmwEUhrxRqoQ
Rap Paradise,US,752000,UCRj_YzvblVTAbL6SJxuoWAg
The Cold War,Brak danych o kraju,391000,UCCGvq-qmjFmmMD4e-PLQqGg
Piano Relaxing,US,258000,UCEiS8m8OLFI0REntmsTvzjA
Vox,US,11600000,UCLXo7UDZvByw2ixzpQCufnA
Two Mad Explorers,IE,113000,UCaghnfCBQmDjkfE6QDUF2aA
Emerging Europe,GB,1250,UCgr3KtU_55zHpHLNGcCAwug
HistoryMarche,Brak danych o kraju,947000,UC8MX9ECowgDMTOnFTE8EUJw
GreensEFA,Brak danych o kraju,7220,UC9emZ4AlBYk7tp5zeYfjRfg
Karolina Żebrowska,PL,1300000,UCNwZIGnHkzy6KpHPQtserzQ
DW Travel,DE,215000,UCAjA4SbeRNqig8NdNszDBsA
THE BEETLE,Brak danych o kraju,1540,UCBrJwOLDsMVPjJwSj_b8zJw
Battle Order,US,290000,UCn6_Kza6erL9GCAhOpQLfBg
The Best Voice Poland,PL,20200,UCv6cvKj2r9KQs9iI5qfoLQQ
Vogule Poland,PL,258000,UClCufEJK0FvBiMzOyZWV1ng
Rap Samurai,GB,806000,UCASNJRaxmqOljWhyagDdgOA
Polish Eagle,PL,69600,UCMDgEbDorYbcouC0xog_wjw
Moving Abroad,CH,21000,UCDLV4sZwTOzKJWXkl9UOvMw
Eastory,EE,426000,UCElybFZ60Hk1NSjgCf7I2sg
KBS WORLD TV,KR,19400000,UC5BMQOsAB8hKUyHu9KI6yig
Two Mad Explorers,IE,113000,UCaghnfCBQmDjkfE6QDUF2aA
World War Two,DE,853000,UCP1AejCL4DA7jYkZAELRhHQ
DW Travel,DE,215000,UCAjA4SbeRNqig8NdNszDBsA
Habitual Linecrosser,US,406000,UC6ysC3YUZbjScBKZlNLrmtQ
HistoryMarche,Brak danych o kraju,947000,UC8MX9ECowgDMTOnFTE8EUJw
Eurovision Song Contest,CH,5600000,UCRpjHHu8ivVWs73uxHlWwFA
Bez Sensu - Tomasz Bednarski,PL,309000,UCBzwL9_xdp7QUARIDSw8cKA
Dominik Andrzejczuk,US,5220,UCDMPa9BV6YM4APGWULAdxPA
Unseen,US,611000,UCVtHlqfvXn-6m6A2IWUB8MQ
CNN,Brak danych o kraju,15800000,UCupvZG-5ko_eiXAupbDfxWw
TVP World,PL,435000,UCBjUPsHj7bXt24SUWNoZ0zA
Rick Steves' Europe,US,1740000,UCchgIh8Tc4sTmBfnMQ5pDdg
Passenger Paramvir,IN,1220000,UCK2_PiPOB0VEZfbbaHj-z5w
Junior Eurovision Song Contest,CH,814000,UC-lkYjunAyfultKGuRJz6HQ
Wolters World,US,1010000,UCFr3sz2t3bDp6Cux08B93KQ
Insider News,US,713000,UCHjm6wybRbldhqveS7c2WTA
DW Documentary,DE,5180000,UCW39zufHfsuGgpLviKh297Q
Płynnie po polsku - Learn Polish with Anna,Brak danych o kraju,5240,UCM1vdTt_oFZw5rD0wCLC4dA
Wellcome Home,PL,3120,UCXxn_FN2qqd1o9EB-OAsglw
WGN News,US,498000,UCDrLGkZTcNCshOLiKi5NtEw
Bez Sensu - Tomasz Bednarski,PL,309000,UCBzwL9_xdp7QUARIDSw8cKA
Two Mad Explorers,IE,113000,UCaghnfCBQmDjkfE6QDUF2aA
Disaster Breakdown,Brak danych o kraju,176000,UCAHoOAB6wy04LvRW2vLffBQ
Vigo’s Dad,PL,34200,UCAlZsyC0HuGx7AZI54edKzg
Fox News,US,10900000,UCXIJgqnII2ZOINSWNOGFThA
Migrate to Europe,PL,22900,UCyV_KZsI0-oe82T2m-ltrVQ
The People Profiles,GB,1000000,UCD6TPU-PvTMvqgzC_AM7_uA
DW Documentary,DE,5180000,UCW39zufHfsuGgpLviKh297Q
DW Travel,DE,215000,UCAjA4SbeRNqig8NdNszDBsA
VisualPolitik EN,GB,1340000,UCT3v6vL2H5HK4loLMc8pmCw
Kult America,PL,126000,UCiNvk5FE6TESvUQVa4ejfug
Rick Steves' Europe,US,1740000,UCchgIh8Tc4sTmBfnMQ5pDdg
Vox,US,11600000,UCLXo7UDZvByw2ixzpQCufnA
Junior Eurovision Song Contest,CH,814000,UC-lkYjunAyfultKGuRJz6HQ
Tom Scott,Brak danych o kraju,6200000,UCBa659QWEk1AI4Tg--mrJ2A
vagabrothers,US,1150000,UCa1WbVCkTqd5ecG6G2adIow
United Beyond Borders,PL,346,UCIvE0xTmHWmYP22l-YogA8Q
CNN,Brak danych o kraju,15800000,UCupvZG-5ko_eiXAupbDfxWw
Junior Eurovision Song Contest,CH,814000,UC-lkYjunAyfultKGuRJz6HQ
Awhobiwom Abu,PL,23800,UCslv4wdjP-0izPO93W6FcQg
Two Mad Explorers,IE,113000,UCaghnfCBQmDjkfE6QDUF2aA
Eurovision Song Contest,CH,5600000,UCRpjHHu8ivVWs73uxHlWwFA
DW Travel,DE,215000,UCAjA4SbeRNqig8NdNszDBsA
TVP World,PL,435000,UCBjUPsHj7bXt24SUWNoZ0zA
JPOLLND - THE ENTERTAINER,IN,146000,UCKWeaOgwo2g2uKLTFmcizQA
The TRY Channel,IE,1290000,UCabq3No3wXbs6Ut-Pux6SzA
Two Mad Explorers,IE,113000,UCaghnfCBQmDjkfE6QDUF2aA
Two Mad Explorers,IE,113000,UCaghnfCBQmDjkfE6QDUF2aA
fonsi abroad,ES,17200,UCOVPHypKtkqQQbNO3R7xKsA
Suibhne,AU,620000,UCQD-0MjUbDBwm2UTVYr0Dag
Two Mad Explorers,IE,113000,UCaghnfCBQmDjkfE6QDUF2aA
Wellcome Home,PL,3120,UCXxn_FN2qqd1o9EB-OAsglw
Family Travel,US,4820,UC8mYMwoT_qNfxKAc7wXtR0Q
Two Mad Explorers,IE,113000,UCaghnfCBQmDjkfE6QDUF2aA
Wellcome Home,PL,3120,UCXxn_FN2qqd1o9EB-OAsglw
SciShow,US,7780000,UCZYTClx2T1of7BRZ86-8fow
Kyle and Madie,US,13400,UCGXNJZwl3W9qaT27yUZjPzA
The Infographics Show,US,13600000,UCfdNM3NAhaBOXCafH7krzrA
TVP World,PL,435000,UCBjUPsHj7bXt24SUWNoZ0zA
Junior Eurovision Song Contest,CH,814000,UC-lkYjunAyfultKGuRJz6HQ
Wellcome Home,PL,3120,UCXxn_FN2qqd1o9EB-OAsglw
Beauty Poland,Brak danych o kraju,66,UCsNW4IcYffvWZMSu-4igXaA
Vigo’s Dad,PL,34200,UCAlZsyC0HuGx7AZI54edKzg
Płynnie po polsku - Learn Polish with Anna,Brak danych o kraju,5240,UCM1vdTt_oFZw5rD0wCLC4dA
Kajima Poland,PL,55,UCbT1zTbGKho912AjqPR1p4Q
WM Foxtrott - Dronem w ciekawe miejsca,PL,616,UC7poSuWjr_depb3abp2B-eA
Island Hopper TV,US,281000,UCarSZcFQ6-0eqZrAG4pKoMA
Suibhne,AU,620000,UCQD-0MjUbDBwm2UTVYr0Dag
ABC 7 Chicago,US,690000,UC_vFLohxs5PkAxlk7Y6jEtw
TVP World,PL,435000,UCBjUPsHj7bXt24SUWNoZ0zA
Eva zu Beck,Brak danych o kraju,1750000,UCDTINI9skkeZNY2ZXnBqIkQ
Made in Poland,Brak danych o kraju,1200000,UC8KQ6_RNAvc7a3B5hZ980iQ
The Sign Polyglot,Brak danych o kraju,5290,UCO9zhhszyR4Av4WxwdBJs-Q
HistoryMarche,Brak danych o kraju,947000,UC8MX9ECowgDMTOnFTE8EUJw
Perun,AU,481000,UCC3ehuUksTyQ7bbjGntmx3Q
tatakodzi,PL,709,UCHq3ScBNdO-9MVXLJnfabcQ
Duke of Canada,CA,126000,UCj-Ax_sos6qcdq-ZP3xW_ZA
CNN,Brak danych o kraju,15800000,UCupvZG-5ko_eiXAupbDfxWw
Kyle and Madie,US,13400,UCGXNJZwl3W9qaT27yUZjPzA
Awhobiwom Abu,PL,23800,UCslv4wdjP-0izPO93W6FcQg
Sehenswürdigkeiten in Europa,DE,2420,UCj6nHW9q5mtcYIuBZyK2Ihw
Tom Scott,Brak danych o kraju,6200000,UCBa659QWEk1AI4Tg--mrJ2A
PBS NewsHour,US,3850000,UC6ZFN9Tx6xh-skXCuRHCDpQ
"3P - Poland, People, Passion",PL,1560,UChY8shN_qbsFd49wUXCE69w
NBC News,Brak danych o kraju,9330000,UCeY0bbntWzzVIaj2z3QigXg
Two Mad Explorers,IE,113000,UCaghnfCBQmDjkfE6QDUF2aA
Wellcome Home,PL,3120,UCXxn_FN2qqd1o9EB-OAsglw
Pedro Mota,NL,85600,UCQc2abzqbqrp-TZG3K79Wng
Rob Reacts,GB,37200,UCVrkUiSjOmOQ0i9JSI7mawg
Wellcome Home,PL,3120,UCXxn_FN2qqd1o9EB-OAsglw
Enactus Poland,Brak danych o kraju,302,UCqgqQ79C7WTJq-O54n68rPw
Olivia Gudaniec,CA,6050,UCgAcckCB1hgzNCjsHHS0Q8g
NATO,Brak danych o kraju,407000,UCHlEaKbepQ_S9iIoZPKVQew
Sabaton,SE,1850000,UCjQhd1APsd5NQhiVZV7GYzg
ICT Poland Kostrzyn nad Odrą,PL,50,UClbdsfAivOzurRfk5XV7i1A
Wellcome Home,PL,3120,UCXxn_FN2qqd1o9EB-OAsglw
ABC News,US,15400000,UCBi2mrWuNuyYy4gbM6fU18Q
WOOD TV8,US,208000,UCDG0mJ_zkrODDT-4VTEV6TQ
NBC News,Brak danych o kraju,9330000,UCeY0bbntWzzVIaj2z3QigXg
VICE,US,17600000,UCn8zNIfYAQNdrFRrr8oibKw
Kraśnicki Dariusz,PL,14100,UCdxQkHxvxKDsspB5pFPtYkA
PBS NewsHour,US,3850000,UC6ZFN9Tx6xh-skXCuRHCDpQ
The Guardian,GB,2170000,UCHpw8xwDNhU9gdohEcJu4aA
Alan Aztec,GB,200000,UC-_3NleHqOgWptV4ewKG9hA
CBS News,US,5440000,UC8p1vwvWtl6T73JiExfWs1g
CBS Evening News,Brak danych o kraju,1880000,UCAeWdyKJXGWmVAXFpgLNNTg
Two Mad Explorers,IE,113000,UCaghnfCBQmDjkfE6QDUF2aA
Pedro Mota,NL,85600,UCQc2abzqbqrp-TZG3K79Wng
MSNBC,Brak danych o kraju,6230000,UCaXkIU1QidjPwiAYu6GcHjg
RedFox,PL,1600,UCqKhRkSOOm68SZMvIzywR4A
TVP World,PL,435000,UCBjUPsHj7bXt24SUWNoZ0zA
Polish Dane,Brak danych o kraju,2430,UCAOV5To6F4uawC3t5MRZRDg
Wellcome Home,PL,3120,UCXxn_FN2qqd1o9EB-OAsglw
Amazon News,US,61900,UCzE5rz2KHTFYAkmMksUpPLA
Jetline Marvel,Brak danych o kraju,116000,UChubcAMMKWFMABC3lns5THQ
Walking Greenstar,PL,475,UCL9do86F6OteFbfONXAMM1w
Aria Martelle,PL,116000,UCbPbgT_iBRhtJb_hVqvguuA
Two Mad Explorers,IE,113000,UCaghnfCBQmDjkfE6QDUF2aA
Wellcome Home,PL,3120,UCXxn_FN2qqd1o9EB-OAsglw
PolishTortoise,PL,216000,UCx22mlTERBqxg30j186hOsA
NewsNation,US,1060000,UCCjG8NtOig0USdrT5D1FpxQ
PBS NewsHour,US,3850000,UC6ZFN9Tx6xh-skXCuRHCDpQ
CNN,Brak danych o kraju,15800000,UCupvZG-5ko_eiXAupbDfxWw
CBS News,US,5440000,UC8p1vwvWtl6T73JiExfWs1g
The Guardian,GB,2170000,UCHpw8xwDNhU9gdohEcJu4aA
WITY TRAVELS,US,9270,UCSEKQ9wFCnOotkAOUaWRdpg
Tommy Craze,AU,2940000,UC_EuakPoEj8zS-vFHrDmkwg
Zespół Szkół Politechnicznych w Łodzi,PL,27,UCe64BSs_d7oI9TWhTGKFM3g
Two Mad Explorers,IE,113000,UCaghnfCBQmDjkfE6QDUF2aA
HistoryMarche,Brak danych o kraju,947000,UC8MX9ECowgDMTOnFTE8EUJw
Polish Eagle,PL,69600,UCMDgEbDorYbcouC0xog_wjw
Two Mad Explorers,IE,113000,UCaghnfCBQmDjkfE6QDUF2aA
MSNBC,Brak danych o kraju,6230000,UCaXkIU1QidjPwiAYu6GcHjg
Made of Journeys,Brak danych o kraju,790,UCJDn_faTPaxN1-wgRGyS3ng
MSNBC,Brak danych o kraju,6230000,UCaXkIU1QidjPwiAYu6GcHjg
C-C Euro Pop Music,IE,6610,UC2XuD3x33Oveu-_6_rlc1pA
VisualPolitik EN,GB,1340000,UCT3v6vL2H5HK4loLMc8pmCw
Šajbi cestuje,Brak danych o kraju,521,UChBqChR3szcZd6KRFx081vg
SciShow,US,7780000,UCZYTClx2T1of7BRZ86-8fow
Magda W. Gugulska,Brak danych o kraju,948,UCnKIqy7jiIZfwqrOTdgVrZw
TG Designs,PL,53900,UCQCWH2V0TSqM4z5DG8Rof1g
VICE,US,17600000,UCn8zNIfYAQNdrFRrr8oibKw
CNN,Brak danych o kraju,15800000,UCupvZG-5ko_eiXAupbDfxWw
History Media-HD,US,23400,UCOFcY-c4QmypQxTkg9DkfeA
Vigo’s Dad,PL,34200,UCAlZsyC0HuGx7AZI54edKzg
NowThis Originals,US,2230000,UCgRvm1yLFoaQKhmaTqXk9SA
The Guardian,GB,2170000,UCHpw8xwDNhU9gdohEcJu4aA
PolishTortoise,PL,216000,UCx22mlTERBqxg30j186hOsA
CNN,Brak danych o kraju,15800000,UCupvZG-5ko_eiXAupbDfxWw
Travelwithchris,US,360000,UC40tCi6qlNr-WS37JQSrSUQ
PLANET KRAKOW,PL,5800,UCL9QCO5vimeOw2VLh3xdWQw
Kondel Walking Tours,IT,3780,UChTbfkYOzZhuoa6ALdLGHyw
Sayali Rahate,PL,11500,UCuTW-VCyv4a8B8aReF2_D-A
Dr William Barylo,GB,9790,UC1KQMrAkTXCx0oGPWppZKVg
Dragos Comedy,DE,41600,UCGmFvH5bL4sUerU76Nr2f8A
NBC News,Brak danych o kraju,9330000,UCeY0bbntWzzVIaj2z3QigXg
Two Mad Explorers,IE,113000,UCaghnfCBQmDjkfE6QDUF2aA
Eva zu Beck,Brak danych o kraju,1750000,UCDTINI9skkeZNY2ZXnBqIkQ
Walking Greenstar,PL,475,UCL9do86F6OteFbfONXAMM1w
Go Places Pro,US,39200,UC5pBNl48hhwI0Hm0sPoXEdg
ITN Archive,Brak danych o kraju,255000,UCKmqYReXoCMbVgxaT5XuM4w
VICE,US,17600000,UCn8zNIfYAQNdrFRrr8oibKw
Rob Reacts,GB,37200,UCVrkUiSjOmOQ0i9JSI7mawg
Conor Clyne - Tsar Experience,IE,87200,UCz9WfSs2nuabYM_3LAARWHg
Chido-Fajny,PL,3300,UCk8aGSHKBLLpMnX3rsiQ-vA
Ryan Lee Banks,GB,3990,UCYAIbGWcLdohnpRh-YLXzRw
Dr William Barylo,GB,9790,UC1KQMrAkTXCx0oGPWppZKVg
CNN,Brak danych o kraju,15800000,UCupvZG-5ko_eiXAupbDfxWw
Kings and Generals,CA,3310000,UCMmaBzfCCwZ2KqaBJjkj0fw
PolishTortoise,PL,216000,UCx22mlTERBqxg30j186hOsA
Fox News,US,10900000,UCXIJgqnII2ZOINSWNOGFThA
Second Life,US,51300,UC5dsLkNZX9pVgmEHpJX9QCA
PLANET KRAKOW,PL,5800,UCL9QCO5vimeOw2VLh3xdWQw
Life of Boris,EE,3420000,UCS5tt2z_DFvG7-39J3aE-bQ
Olivia Gudaniec,CA,6050,UCgAcckCB1hgzNCjsHHS0Q8g
Chasing Footprints,Brak danych o kraju,286,UCGM-7YmTv_UUWm3wfzxYGbg
Vigo’s Dad,PL,34200,UCAlZsyC0HuGx7AZI54edKzg
NBC News,Brak danych o kraju,9330000,UCeY0bbntWzzVIaj2z3QigXg
CNN,Brak danych o kraju,15800000,UCupvZG-5ko_eiXAupbDfxWw
travelsightseeing,GR,2200,UC88lJ2-SpuDIjwg_K5_n2Zg
Kręte ścieżki - Paweł Szulc,PL,2010,UC4LkiKipqtqOIYOvKzHdFoQ
Globe in the Hat,PL,57300,UCZkVPUf-4-HjaTdrswApBFQ
Płynnie po polsku - Learn Polish with Anna,Brak danych o kraju,5240,UCM1vdTt_oFZw5rD0wCLC4dA
Płynnie po polsku - Learn Polish with Anna,Brak danych o kraju,5240,UCM1vdTt_oFZw5rD0wCLC4dA
Chido-Fajny,PL,3300,UCk8aGSHKBLLpMnX3rsiQ-vA
Pedro Mota,NL,85600,UCQc2abzqbqrp-TZG3K79Wng
Fox News,US,10900000,UCXIJgqnII2ZOINSWNOGFThA
NewsNation,US,1060000,UCCjG8NtOig0USdrT5D1FpxQ
Island Hopper TV,US,281000,UCarSZcFQ6-0eqZrAG4pKoMA
Ash and Kels,GB,19100,UCdJAmuo-KkgcJvSoQjPxAWg
Nata Kharabadze,PL,1060,UC4p0nqsrQIRRymfX9AwAiUA
Business in Poland,Brak danych o kraju,517,UCaMRVgk2xImJ0apXljE5Zqw
Rob Reacts,GB,37200,UCVrkUiSjOmOQ0i9JSI7mawg
equinixvideos,US,13500,UC9xshmMk-FKjqKCLOKklQQw
Conor Clyne - Tsar Experience,IE,87200,UCz9WfSs2nuabYM_3LAARWHg
WKBN27,Brak danych o kraju,53500,UCTbhS5-KTEKzBh-eqeU5vAw
ROME REPORTS in English,IT,347000,UCxshhzR907v2w6DjICyAgLQ
The Travel Boss,US,6790,UCcwcop2_Jwf7gRoQAAsfJfw
Schnuffinski der Auswanderer ,PL,5790,UCmmqPP4YAfW1iuM77C1jhVA
TheUwagaPies,JP,159000,UCggEPZWEkj4MRBk1siZCXiA
IMAGO Printer - Polskie Drukarki,PL,51,UCjsd7lXc6mOPqsldLUXCeWw
The Summit for Democracy,US,1370,UCCOkgMdUDQNtbcQ0Y9o6vxw
Wojciech Lepczyński - cloud tutorials,PL,492,UCGZiVVLpIRNFbj2EtA9dhYw
WKBN27,Brak danych o kraju,53500,UCTbhS5-KTEKzBh-eqeU5vAw
Redacted,US,2200000,UCoJhK5kMc4LjBKdiYrDtzlA
RailwaylineT,LT,3460,UCgCNJCOhnsuxcnSht_yjdag
Pedro Mota,NL,85600,UCQc2abzqbqrp-TZG3K79Wng
13WMAZ,US,88900,UCRNf0_t4Qo5eojj8sSvd_8A
Kondel Walking Tours,IT,3780,UChTbfkYOzZhuoa6ALdLGHyw
League of Legends - Polska,PL,215000,UC6yuFHuoNYgYABOHYbwQk4w
Magpie Farm,GB,529,UCP3gO-g-UVEBsvtjuWOgj0w
Miss Maja,Brak danych o kraju,121,UCz7xAk9-4nkvBUpjWkUSXPA
INN:Poland,PL,2530,UCscgng3Z3lcZlnhSxThvMJQ
Tech Revolution,CO,98600,UC4RcWvSfcsm5GKYRbp8699A
Slavic Affairs,SI,160000,UCFMFqhXSkyWVkJkOfNocbSA
Shane's Eurovision Review,Brak danych o kraju,7920,UCYId303J1tm3W3FTsgfXRwA
Broken Window Theory,US,367000,UCQjlzE-BSD1PDW988vbqVjw
Defense Updates,IN,588000,UCKNCbBWiMiXBVXUmUuu_dsQ
Butterfly,PL,890,UCBpnubrX7vxtSaxdCm89e1Q
Kondel Walking Tours,IT,3780,UChTbfkYOzZhuoa6ALdLGHyw
Poland with Ela,PL,672,UCMuUcDJEiqGs9SiN7yxg9Zw
Schnuffinski der Auswanderer ,PL,5790,UCmmqPP4YAfW1iuM77C1jhVA
Euro Life BD...,PL,36700,UCqMZ1MLMYLYO-EfJZW6B9iw
Kondel Walking Tours,IT,3780,UChTbfkYOzZhuoa6ALdLGHyw
Two Mad Explorers,IE,113000,UCaghnfCBQmDjkfE6QDUF2aA
Lou & Sylw,Brak danych o kraju,4300,UCLdSEnzWlz26FgWfFVXPOnw
Snack Investigation Unit! ,US,29200,UC7lO2KW-PzyWvne6sRR2Upw
UnHerd,GB,375000,UCMxiv15iK_MFayY_3fU9loQ
Globe in the Hat,PL,57300,UCZkVPUf-4-HjaTdrswApBFQ
NewsNation,US,1060000,UCCjG8NtOig0USdrT5D1FpxQ
Pike Productions,US,43100,UCmeJyyFb-SQSRGSUMF-GmVA
Aria Martelle,PL,116000,UCbPbgT_iBRhtJb_hVqvguuA
APC227,DE,113000,UCWojaEI9VNQyxTCDHgwE0Qw
Hubient Talents,AU,12000,UCkYRj_18seg6zGsL90ZS1mQ
Trev in Poland,Brak danych o kraju,38800,UCpvLXwMnZUwz8uRD7muGg4g
tvnpl,PL,2400000,UCkhF9pRVYFI9aXM2in5JGmg
Knowledge Raiders,US,19400,UCKsM6jApYVFLWdUQ9kdPuTA
荷蘭女生在台灣 | Eat Live Shop Taiwan,TW,10300,UCqfNz6-QxQ2--fr9QMZxdXg
Kondel Walking Tours,IT,3780,UChTbfkYOzZhuoa6ALdLGHyw
The Front,CY,496000,UCFHhnyA9HGtBxGhtMQ_FEpQ
TEACHER PAUL REACTS,GB,310000,UCT99PQ5nkgshVaoBlU5jiKw
Sayali Rahate,PL,11500,UCuTW-VCyv4a8B8aReF2_D-A
Michał Sołtan,PL,2330,UC-qg2fTfrb8NEn1bWs_sJfQ
Business in Poland,Brak danych o kraju,517,UCaMRVgk2xImJ0apXljE5Zqw
Робота в Польщі з WORK EU,PL,867,UCq7-DQHUe2QlnYxwkw1L5pA
Let's Explore TV,IN,63700,UCTwWi42vkExFjiBi8H4Lf-Q
Canobie Coaster,US,31300,UCp8lkxr2Oncfako8CpQ3GAA
Math Booster,IN,48900,UCFYcq-QDZg3lHGmdFcnE3Jw
IDevisza,PL,1490,UC26jG3br8NLw_pzX6Z3u12Q
Pedro Mota,NL,85600,UCQc2abzqbqrp-TZG3K79Wng
PolishTortoise,PL,216000,UCx22mlTERBqxg30j186hOsA
Rob Reacts,GB,37200,UCVrkUiSjOmOQ0i9JSI7mawg
Sara Dohse,Brak danych o kraju,602,UCmEzJnVFKBssY78bzGzHU8A
KLTV 7,US,1850,UCp3zquwHVcDdVqeEZEm_o-A
Vikariel,Brak danych o kraju,534,UC3BPxCRWS0JJrE3343onSMQ
Vlad Savchuk,US,1170000,UC1DuOQg0-nr99t17Ca8Hlag
Ken / Solo Japanese Style,US,54400,UC6oBqa9UQSQOK6KlokzeezQ
NewsNation,US,1060000,UCCjG8NtOig0USdrT5D1FpxQ
Defense TV,US,181000,UCV-8yg-21LmDPamSWUyr_uQ
Wild Frames,PT,1230,UClyMm-5Zn7qxkBLxkx08--A
MehowRudy,Brak danych o kraju,3780,UC0jDSqaBZo5-owXfU6h_ikw
Interslavic language - Medžuslovjansky jezyk,PL,39500,UCShYXuD2TyJlYd9UWUUiYiA
NewsNation,US,1060000,UCCjG8NtOig0USdrT5D1FpxQ
Xavi Luque II,ES,2600,UC0Z9jXF41K8xjuk1L8Wydpg
Michal Sadowski Travel,PL,8210,UCNUk1cXHtuRzO7zy-V1SBTQ
Taco Boii,Brak danych o kraju,167000,UC9QD_dMGJ5bhlDDYV-9EFrw
NewsNation,US,1060000,UCCjG8NtOig0USdrT5D1FpxQ
Michal Sadowski Travel,PL,8210,UCNUk1cXHtuRzO7zy-V1SBTQ
Taco Boii,Brak danych o kraju,167000,UC9QD_dMGJ5bhlDDYV-9EFrw
Good Times Bad Times,PL,279000,UCXW9oUSOwt7mcTT5d_5hQcA
MehowRudy,Brak danych o kraju,3780,UC0jDSqaBZo5-owXfU6h_ikw
Wild Frames,PT,1230,UClyMm-5Zn7qxkBLxkx08--A
Jose Explores,PL,740,UCgE8v8MnOTtlK8Bv-05QktQ
Kondel Walking Tours,IT,3780,UChTbfkYOzZhuoa6ALdLGHyw
CykloGamonie,PL,1190,UCLokzMkllnHPz_AFIowZCMQ
Eurovision Song Contest,CH,5600000,UCRpjHHu8ivVWs73uxHlWwFA
Mr SuperMole,PL,154000,UC9C_MgERaMDCLP10fkRNURg
Fidessa Ng,Brak danych o kraju,257,UCX9vKvk_D9-MtYeZLX31KKA
Zabytki Nieba,PL,34900,UCEGJq4DPzCjixRoZqzcOo-Q
Residence Angels - Relocation Supplier in Poland,PL,44,UCEPcXtE48bsbJ9S_nG9tNLg
Rob Reacts,GB,37200,UCVrkUiSjOmOQ0i9JSI7mawg
Keendi,PL,254000,UCJPWLoeXUxPP0n066BHHEAQ
American Red Cross,US,46800,UC0aMPje3ZACnQPKM_qzY0vw
Defense Updates,IN,588000,UCKNCbBWiMiXBVXUmUuu_dsQ
SOFTSWISS People,Brak danych o kraju,242,UCGrH6f2-Gn53LmXthsOuAYg
live.thankfully,PL,247,UC73yaB8FYOD-_fRxvkZZTQQ
Jir Mirza II,US,4030,UCueyEGeTpTNb3QQL_ysN4tg
Marcin Easy Rider,PL,27700,UCyUkGTIuLmxxWP20Uox7ecA
WPBF 25 News,Brak danych o kraju,148000,UCeD5NwvPbEZKcu02_v8tUZQ
The Poland Experience,PL,364,UCWXkITCqLJbpJb6mxoL-MOA
Sandra P,GB,441,UC18ihesCu28Ta2bbqsEOtYQ
Business in Poland,Brak danych o kraju,517,UCaMRVgk2xImJ0apXljE5Zqw
JB's Man Cave,US,18200,UCPGDLxE-WH2WIXUL3G5AY9g
NowThis Originals,US,2230000,UCgRvm1yLFoaQKhmaTqXk9SA
European Defense | Dung Tran Military,US,48600,UCdW0Ug_lrQsUAkwZCs8aIgQ
Lukas,US,1470,UCZ23PGlgpCJUvfKraLizpaw
SOFTSWISS People,Brak danych o kraju,242,UCGrH6f2-Gn53LmXthsOuAYg
Conor Clyne - Tsar Experience,IE,87200,UCz9WfSs2nuabYM_3LAARWHg
Przebudzeni Tv,GR,1970,UCOHXiIGUa1MXyOgKpV62DWQ
Majka i Mama,GB,3370,UCB2ce3ok5x6pVrVQFLnWz_g
L1te Beamz,CA,4590,UCrLj36ySNs5UQEgko-xvOBg
Budda. TV,Brak danych o kraju,1860000,UC8LJZNHnqXKg5TMgyvxszPA
Aluron CMC Warta Zawiercie,PL,2760,UC1MyAHoEnZYlKaUY8v_5R9g
2nacheki,US,1190000,UCG7uFJVZsxQRwDssom9Pavw
Xavi Luque II,ES,2600,UC0Z9jXF41K8xjuk1L8Wydpg
Michael McIntee,US,170000,UCDIPsk87a6D3QqS0DeAUMPA
Elon Musket,KR,137000,UC4SiZgabJFDnRKarHqIDdAQ
Walk Abouts World,Brak danych o kraju,170,UCitZxkhSqIbngJKfzYa3QtQ
Eesti NATO Ühing,EE,351,UCFZb4rO1OEAGdHrt6Dp5ZJQ
Jasmine T TV,PL,19600,UCctd-Nmr1xWiLopWyR-ZY3g
Bluza,GB,132000,UCX6TGFjY4AbTSvh5wdF9vGQ
VISIT POLAND WITH SAMIRA,PL,9700,UCYYSKjsFjBB_zF7ixspIaKA
History & Politics!,GB,8880,UC5lSpnpeIWw7vi04BH5lffw
Travel Freak,UA,2430,UChh0nwLmkjDt0rQwxzVBLSA
pointravel,US,417,UCElg11e3ecg3q8K42cP17rQ
Artur Mijalski,PL,29,UCFRl44VDrGM8aJdsw5KZ5pQ
Outer Side,US,1310,UCROjUvUiR75tPKmLjwAEZXQ
Artur Mijalski,PL,29,UCFRl44VDrGM8aJdsw5KZ5pQ
NewsNation,US,1060000,UCCjG8NtOig0USdrT5D1FpxQ
Avic Caparas,PH,1480,UCPH6-a1KGAkAYBGKqzQpT0A
Military Powers,US,15400,UCZztLkQjGjcs2OfoYGwtsNA
Light&BoldTV,Brak danych o kraju,546,UCRPHZr_aa5USYiI9M4SEaKg
Wayfaring Stranger,PL,52,UCOmEXEye7ldpSi_XI0zWP8Q
PanzerAngriff,UA,45200,UCgWvf36vg_wBTH3SLs-z2Ig
Sayali Rahate,PL,11500,UCuTW-VCyv4a8B8aReF2_D-A
Majka i Mama,GB,3370,UCB2ce3ok5x6pVrVQFLnWz_g
TEACHER PAUL REACTS,GB,310000,UCT99PQ5nkgshVaoBlU5jiKw
Fyllia & Sander Travel,BE,242,UCsHY1ULbrwWCVlkmuozJxmA
Euro Life BD...,PL,36700,UCqMZ1MLMYLYO-EfJZW6B9iw
Marta & Hotaru,Brak danych o kraju,561,UCDsu4wkYuPfjdPMgcCoS_7A
In Polish Ways,Brak danych o kraju,51,UC2JCmkW0Kjmb-coSRDbEVzg
Norwegian Baron,NO,117000,UCcKc05hZKjNAPxSW2p3okOA
VISIT POLAND WITH SAMIRA,PL,9700,UCYYSKjsFjBB_zF7ixspIaKA
AiArty,Brak danych o kraju,28,UCXb_fHUobphPgBeoPBBzXhA
Pandora Path,US,737,UCZbpx4dTPQ4uAnBZ12moGIA
The Travel Boss,US,6790,UCcwcop2_Jwf7gRoQAAsfJfw
Travel with Mr singh,IN,129000,UCxc-mjQwnlZlv-KBz4nwshA
Top Trends Travel,GB,174,UCl-HmtqfvNP9-xWuMyrcQPQ
MehowRudy,Brak danych o kraju,3780,UC0jDSqaBZo5-owXfU6h_ikw
Luk Zloty,PL,459,UCMkC8auvuSIcZhRtK6Jg0Iw
Incendiary,US,1240,UCVPoBOtoMgl8MpLxh-PS2Fg
US Military History,US,2560,UCAUmQGAZZkcuN9pdh6pMZlw
Robertson Family Racing Pigeons,US,14700,UCSrThO1D0E4M1bw0-fYi7pg
Simon Says,Brak danych o kraju,408,UCK4p26tXpueE7S5TzNts2hw
AmysCrypt,US,259000,UCiEK-SwMjiYsiWzXvOKqKdg
Paweł Skiba,Brak danych o kraju,5910,UCX2rHYwEbWobzNc5i-1-8RA
AInspirer,Brak danych o kraju,990,UCCY2hOnCiUp9V8i2zsAq5ig
Polish Berry,Brak danych o kraju,23,UC87ikdmuYt23sCWHsK-GqLg
2nacheki,US,1190000,UCG7uFJVZsxQRwDssom9Pavw
Vikariel,Brak danych o kraju,534,UC3BPxCRWS0JJrE3343onSMQ
Art and Craft with Dylan,IN,300,UCiNDisG5rZUYUVdH6-jJ--g
European Defense | Dung Tran Military,US,48600,UCdW0Ug_lrQsUAkwZCs8aIgQ
HISTORIE,PL,125000,UCsuLUUEHlOASI5tyYYgInWA
Globe in the Hat,PL,57300,UCZkVPUf-4-HjaTdrswApBFQ
Euro Life BD...,PL,36700,UCqMZ1MLMYLYO-EfJZW6B9iw
NewsNation,US,1060000,UCCjG8NtOig0USdrT5D1FpxQ
CoolKa,Brak danych o kraju,465,UClt8qBWWWbc4-4T_6VLBxxA
We Are Going Somewhere,US,21400,UCVln5I2ZTqb6HXDVXF_V6pA
NC Immigration,PL,856,UClg2HXSmqjszBYEYjq9GQ4g
Sphera,FR,5300,UCKjglpwAL5ZPPITJpu14zrA
NewsNation,US,1060000,UCCjG8NtOig0USdrT5D1FpxQ
Sii Poland,PL,1110,UCQ3UQ7RJPEYnAWC_rPE5Dxg
Sudecka Ostoja,PL,42500,UCFTAuCTPO6K_x-GV8k9Jgvw
Euro Life BD...,PL,36700,UCqMZ1MLMYLYO-EfJZW6B9iw
European Defense | Dung Tran Military,US,48600,UCdW0Ug_lrQsUAkwZCs8aIgQ
PolishTortoise,PL,216000,UCx22mlTERBqxg30j186hOsA
PompasticEdits,PL,2490,UCkOk_X9MhyFbV8EmA9TBmCA
Sudecka Ostoja,PL,42500,UCFTAuCTPO6K_x-GV8k9Jgvw
Armyguy Travels,US,2890,UCN6j3NXJG33VeErYeBWXeRA
Foreigner In Poland,PL,46,UChyTQoKQ3qv9nMeXChg-RJA
Discovery Channel Polska,PL,429000,UC7U89d81jFokGK7kFq7jwtA
Pedro Mota,NL,85600,UCQc2abzqbqrp-TZG3K79Wng
J_Gamer Mapping,DE,3140,UCcZVu1P1NcuAyeTq_7tN6Hw
Sii Poland,PL,1110,UCQ3UQ7RJPEYnAWC_rPE5Dxg
KrutyakTravel ,PL,327,UC4ozoysELZ15tBOjeCIdGIA
애림Aerim,KR,583,UCf7decCsF5LEuax23arzdLQ
AB000 Maps,CA,36300,UCgw9hQpHkAiik3-UCHSPxDw
TEACHER PAUL REACTS,GB,310000,UCT99PQ5nkgshVaoBlU5jiKw
Marcin Easy Rider,PL,27700,UCyUkGTIuLmxxWP20Uox7ecA
CNN,Brak danych o kraju,15800000,UCupvZG-5ko_eiXAupbDfxWw
Aleksandra Pekala,Brak danych o kraju,887,UC5486lEOQv-EzHwFtNaBeXQ
Residence Angels - Relocation Supplier in Poland,PL,44,UCEPcXtE48bsbJ9S_nG9tNLg
Almeida Theatre,GB,11900,UCWXfkNfLqo-gVaJJ_ujqWTQ
애림Aerim,KR,583,UCf7decCsF5LEuax23arzdLQ
EURO TRUCKER,UA,3500,UCPheJiufcmkt90LT_TGdd0g
Dil Se Desi ( Rahul Solanki vlogs) ,PL,2800,UCfg9QMsuWb7BfG2roDYJUMQ
Desi Duo Explorers,PL,522,UCiedkfU9JnZLAwotAgiOBTw
St. Constantine,Brak danych o kraju,27300,UCRXg7jqg6lGxbbylZsgowqg
POOKIE & PATO,GB,73,UCcc62PKiGhc0OYLgZUaJ9dg
Mick Quaian,US,3090,UCg-KPg4xHULSz7eI1r-8CfQ
VISIT POLAND WITH SAMIRA,PL,9700,UCYYSKjsFjBB_zF7ixspIaKA
gen.,PL,37,UCPFZXJorG6SpCJevrvW9-mw
NATIONAL ANTHEM TV CHANNEL,GB,4160,UCsFm2hSbsGkYI_x5kUTlG5g
Military Superiority,UA,263000,UC2Pnvc2jxv8Ispcy7rbyF9Q
Eurovision Turkey,TR,2820,UCjpd20VB6J9Ng5fm3EdRHqA
Travel With Aayush Mehta,IN,151000,UCVbzMvKzkdjKeXFwdtnkLfA
VISIT POLAND WITH SAMIRA,PL,9700,UCYYSKjsFjBB_zF7ixspIaKA
Hubert Zabiera Na Warsztat,PL,1530,UC4D-QHOP0oKNHbza-ry2n1w
Chrono-Political,US,858,UCdW-RViPM2CRdPDEhS44B9A
P2P Empire,DE,10500,UCoelblC2whsBZs4IYDJ4lfg
Marta & Hotaru,Brak danych o kraju,561,UCDsu4wkYuPfjdPMgcCoS_7A
Residence Angels - Relocation Supplier in Poland,PL,44,UCEPcXtE48bsbJ9S_nG9tNLg
PolonicaTV,PL,548,UCrczPT7DKWPlINJiyakVEkg
SOFTSWISS People,Brak danych o kraju,242,UCGrH6f2-Gn53LmXthsOuAYg
Fact Attack,GB,18400,UC1a7fXjl9DTAlwqw5IjWGAA
José Miguel TORRES CÁMARA,Brak danych o kraju,21,UCCMkULdI1wUI8RwsK6fE_9Q
T&D Stories,Brak danych o kraju,6,UCsPO51zgCtYJ6WDchbV-6Bw
OFF TRACK PLACES - Military Aircraft,GB,37700,UCG8DSyu3A730WvsKWZeTofA
Kiwi.com,Brak danych o kraju,3150,UCs8tEYMhKRMnTiRgfAu1Ppg
Michele Ponte,IT,91900,UCQbOiQeIttbMhL2_PkA09_Q
Nomadic Dmitry,US,6800,UCFupYo1rCjNfuzZK_SfUkFw
4K Relaxing City Walks,GB,1770,UCfU2X_rOIXA-t0A8KgwmHOQ
Rounded Kids,GB,1010,UCcC5AasdcqtvR2aNCBKUQsA
THE CURIOSITY CORNER,US,589,UCCcycw_uukrBthI89-pyA9Q
Kobieta 70plus,PL,172,UCYGbwQ6eBcmsXJ3_O6yolug
GMCPoland,Brak danych o kraju,51,UCATbiQGpq5dVehrPPUwXqtw
